flight_id,flight_no,departure_station,arrival_station,departure_time_utc,arrival_time_utc
1,MX0001,BGI,XPL,2025-07-07 22:07:46,2025-07-08 16:07:46
2,MX0002,IAD,AMS,2025-06-28 22:07:46,2025-06-29 19:07:46
3,MX0003,DXB,BGI,2025-09-14 21:07:46,2025-09-15 17:07:46
4,MX0004,BGI,GEO,2025-08-10 12:07:46,2025-08-11 10:07:46
5,MX0005,CLE,OGG,2025-10-09 16:07:46,2025-10-09 19:07:46
6,MX0006,PHX,PSC,2025-07-28 05:07:46,2025-07-28 19:07:46
7,MX0007,ATH,BRU,2025-05-28 19:07:46,2025-05-29 12:07:46
8,MX0008,MAA,MEX,2025-08-29 08:07:46,2025-08-29 09:07:46
9,MX0009,DEL,MSO,2025-07-20 22:07:46,2025-07-21 13:07:46
10,MX0010,BGI,DTW,2025-10-18 19:07:46,2025-10-19 18:07:46
11,MX0011,BRU,BOM,2025-05-17 17:07:46,2025-05-18 04:07:46
12,MX0012,JAX,DEL,2025-07-16 17:07:46,2025-07-16 21:07:46
13,MX0013,AUS,MEX,2025-09-24 12:07:46,2025-09-25 06:07:46
14,MX0014,MEX,MVD,2025-06-17 02:07:46,2025-06-17 07:07:46
15,MX0015,DXB,MVD,2025-06-14 09:07:46,2025-06-15 05:07:46
16,MX0016,ORD,BRU,2025-07-21 21:07:46,2025-07-22 03:07:46
17,MX0017,ACF,MSO,2025-07-02 15:07:46,2025-07-03 07:07:46
18,MX0018,BOM,XPL,2025-08-17 00:07:46,2025-08-17 12:07:46
19,MX0019,PTY,BOM,2025-05-10 18:07:46,2025-05-11 00:07:46
20,MX0020,DTW,BGI,2025-05-20 05:07:46,2025-05-20 20:07:46
21,MX0021,PTY,AUS,2025-10-22 21:07:46,2025-10-23 09:07:46
22,MX0022,IAH,BCN,2025-07-05 02:07:46,2025-07-05 12:07:46
23,MX0023,IAH,MAA,2025-08-11 10:07:46,2025-08-12 05:07:46
24,MX0024,CLE,LAX,2025-09-21 23:07:46,2025-09-22 13:07:46
25,MX0025,DEL,MEX,2025-10-20 23:07:46,2025-10-21 02:07:46
26,MX0026,PHX,LAX,2025-08-22 17:07:46,2025-08-23 11:07:46
27,MX0027,MSO,CMH,2025-08-30 22:07:46,2025-08-31 19:07:46
28,MX0028,FRA,AMS,2025-09-11 14:07:46,2025-09-11 15:07:46
29,MX0029,AMS,DTW,2025-07-29 03:07:46,2025-07-30 01:07:46
30,MX0030,JAX,PSC,2025-10-15 21:07:46,2025-10-16 07:07:46
31,MX0031,CUN,ORD,2025-07-14 05:07:46,2025-07-14 07:07:46
32,MX0032,CUR,CTU,2025-10-23 04:07:46,2025-10-23 18:07:46
33,MX0033,DTW,CUN,2025-07-30 09:07:46,2025-07-31 08:07:46
34,MX0034,BOG,MEX,2025-09-03 08:07:46,2025-09-03 19:07:46
35,MX0035,FRA,CLE,2025-08-29 12:07:46,2025-08-30 07:07:46
36,MX0036,BOI,MSO,2025-06-15 18:07:46,2025-06-16 11:07:46
37,MX0037,BCN,DTW,2025-11-01 18:07:46,2025-11-02 11:07:46
38,MX0038,CUN,BOG,2025-09-07 03:07:46,2025-09-07 21:07:46
39,MX0039,DTW,PTY,2025-07-06 13:07:46,2025-07-07 10:07:46
40,MX0040,AMS,BOG,2025-05-12 20:07:46,2025-05-13 07:07:46
41,MX0041,ATH,CMH,2025-06-18 09:07:46,2025-06-18 23:07:46
42,MX0042,XPL,BRU,2025-05-21 15:07:46,2025-05-21 22:07:46
43,MX0043,JAX,AMS,2025-10-04 19:07:46,2025-10-04 23:07:46
44,MX0044,LHR,AUS,2025-06-22 15:07:46,2025-06-22 23:07:46
45,MX0045,DTW,IAH,2025-08-19 20:07:46,2025-08-20 02:07:46
46,MX0046,PSC,ORD,2025-11-02 04:07:46,2025-11-02 11:07:46
47,MX0047,PSC,PIT,2025-06-21 01:07:46,2025-06-21 15:07:46
48,MX0048,PSC,AUS,2025-10-09 22:07:46,2025-10-10 02:07:46
49,MX0049,BRU,BCN,2025-09-08 10:07:46,2025-09-08 19:07:46
50,MX0050,JFK,DEL,2025-06-05 19:07:46,2025-06-06 00:07:46
51,MX0051,DXB,CUR,2025-05-26 04:07:46,2025-05-26 13:07:46
52,MX0052,DEL,DTW,2025-06-21 03:07:46,2025-06-21 23:07:46
53,MX0053,ORD,BOM,2025-08-16 00:07:46,2025-08-16 21:07:46
54,MX0054,LHR,BOM,2025-09-27 19:07:46,2025-09-28 11:07:46
55,MX0055,JFK,OGG,2025-06-08 03:07:46,2025-06-09 00:07:46
56,MX0056,BOI,MAA,2025-06-21 12:07:46,2025-06-22 10:07:46
57,MX0057,BOI,BOG,2025-08-03 19:07:46,2025-08-04 09:07:46
58,MX0058,MVD,DXB,2025-09-26 07:07:46,2025-09-26 11:07:46
59,MX0059,CUR,MEX,2025-06-26 16:07:46,2025-06-27 04:07:46
60,MX0060,IAD,GEO,2025-05-16 18:07:46,2025-05-17 02:07:46
61,MX0061,MVD,JAX,2025-09-14 14:07:46,2025-09-15 04:07:46
62,MX0062,DXB,GRR,2025-06-28 05:07:46,2025-06-28 14:07:46
63,MX0063,GEO,ORD,2025-07-18 22:07:46,2025-07-19 11:07:46
64,MX0064,PSC,PTY,2025-10-30 21:07:46,2025-10-31 20:07:46
65,MX0065,BOM,DEL,2025-06-30 00:07:46,2025-06-30 11:07:46
66,MX0066,MAA,PTY,2025-05-21 08:07:46,2025-05-22 01:07:46
67,MX0067,CLE,XPL,2025-11-02 23:07:46,2025-11-03 10:07:46
68,MX0068,GRR,CTU,2025-10-27 05:07:46,2025-10-27 07:07:46
69,MX0069,CMH,BRU,2025-06-09 13:07:46,2025-06-10 04:07:46
70,MX0070,AUS,AMS,2025-08-30 10:07:46,2025-08-30 20:07:46
71,MX0071,BOI,PSC,2025-09-28 11:07:46,2025-09-29 07:07:46
72,MX0072,SEA,PSC,2025-08-08 07:07:46,2025-08-08 14:07:46
73,MX0073,ACF,IAH,2025-09-04 22:07:46,2025-09-05 21:07:46
74,MX0074,GRR,DXB,2025-05-08 00:07:46,2025-05-08 15:07:46
75,MX0075,LHR,PIT,2025-10-24 03:07:46,2025-10-24 17:07:46
76,MX0076,MSO,IAH,2025-08-12 08:07:46,2025-08-13 00:07:46
77,MX0077,AMS,LAX,2025-10-11 17:07:46,2025-10-12 10:07:46
78,MX0078,LGA,JAX,2025-07-19 16:07:46,2025-07-20 05:07:46
79,MX0079,MAA,CTU,2025-10-28 01:07:46,2025-10-28 05:07:46
80,MX0080,BOI,BOG,2025-06-30 22:07:46,2025-07-01 21:07:46
81,MX0081,BGI,MEX,2025-09-15 01:07:46,2025-09-15 18:07:46
82,MX0082,BOI,BGI,2025-07-05 00:07:46,2025-07-05 12:07:46
83,MX0083,EWR,ORD,2025-05-17 16:07:46,2025-05-17 22:07:46
84,MX0084,GRR,IAH,2025-06-29 04:07:46,2025-06-29 08:07:46
85,MX0085,MAA,JAX,2025-10-11 18:07:46,2025-10-11 22:07:46
86,MX0086,LGA,CLE,2025-07-28 18:07:46,2025-07-29 14:07:46
87,MX0087,DTW,DXB,2025-08-31 17:07:46,2025-09-01 08:07:46
88,MX0088,MEX,BOI,2025-10-28 07:07:46,2025-10-28 14:07:46
89,MX0089,SEA,ACF,2025-10-06 04:07:46,2025-10-06 09:07:46
90,MX0090,DEL,CMH,2025-07-15 18:07:46,2025-07-16 16:07:46
91,MX0091,DEL,XPL,2025-09-21 03:07:46,2025-09-21 12:07:46
92,MX0092,BGI,AUS,2025-07-15 21:07:46,2025-07-15 23:07:46
93,MX0093,MSO,ACF,2025-09-16 14:07:46,2025-09-16 21:07:46
94,MX0094,ORD,BRU,2025-09-19 20:07:46,2025-09-19 21:07:46
95,MX0095,AMS,AUS,2025-08-20 05:07:46,2025-08-20 17:07:46
96,MX0096,BCN,PTY,2025-08-12 05:07:46,2025-08-12 21:07:46
97,MX0097,MSO,ATH,2025-07-10 08:07:46,2025-07-10 15:07:46
98,MX0098,MVD,DEL,2025-05-25 16:07:46,2025-05-26 04:07:46
99,MX0099,CMH,DTW,2025-08-30 22:07:46,2025-08-31 06:07:46
100,MX0100,BOM,LGA,2025-08-06 04:07:46,2025-08-06 08:07:46
101,MX0101,LGA,DXB,2025-06-20 17:07:46,2025-06-20 20:07:46
102,MX0102,MVD,BOI,2025-08-04 14:07:46,2025-08-05 11:07:46
103,MX0103,MAA,AUS,2025-08-14 14:07:46,2025-08-14 19:07:46
104,MX0104,EWR,FRA,2025-10-13 21:07:46,2025-10-13 22:07:46
105,MX0105,BOI,BRU,2025-05-18 01:07:46,2025-05-18 08:07:46
106,MX0106,BRU,CUN,2025-10-29 20:07:46,2025-10-30 09:07:46
107,MX0107,GRR,MVD,2025-11-01 04:07:46,2025-11-01 05:07:46
108,MX0108,GEO,AMS,2025-05-26 05:07:46,2025-05-26 19:07:46
109,MX0109,BOM,GEO,2025-08-07 01:07:46,2025-08-07 17:07:46
110,MX0110,FRA,GRR,2025-06-24 04:07:46,2025-06-24 06:07:46
111,MX0111,GEO,CUR,2025-05-07 12:07:46,2025-05-08 04:07:46
112,MX0112,SEA,PHX,2025-10-06 05:07:46,2025-10-06 10:07:46
113,MX0113,LHR,ATH,2025-09-30 05:07:46,2025-10-01 04:07:46
114,MX0114,BOI,GRR,2025-08-18 03:07:46,2025-08-18 09:07:46
115,MX0115,GEO,LHR,2025-08-28 19:07:46,2025-08-28 21:07:46
116,MX0116,DXB,JFK,2025-09-12 04:07:46,2025-09-12 22:07:46
117,MX0117,SEA,BOM,2025-07-15 03:07:46,2025-07-15 12:07:46
118,MX0118,DTW,BOM,2025-07-31 18:07:46,2025-08-01 05:07:46
119,MX0119,DTW,AMS,2025-08-13 21:07:46,2025-08-14 20:07:46
120,MX0120,BGI,PIT,2025-06-05 22:07:46,2025-06-06 02:07:46
121,MX0121,ACF,BCN,2025-07-16 10:07:46,2025-07-16 15:07:46
122,MX0122,BOG,DXB,2025-09-19 11:07:46,2025-09-19 13:07:46
123,MX0123,SEA,ATH,2025-09-17 03:07:46,2025-09-17 16:07:46
124,MX0124,PSC,LAX,2025-09-03 15:07:46,2025-09-03 23:07:46
125,MX0125,CUR,BOG,2025-10-31 14:07:46,2025-11-01 04:07:46
126,MX0126,BOG,PTY,2025-10-22 17:07:46,2025-10-23 15:07:46
127,MX0127,PIT,PTY,2025-09-30 20:07:46,2025-10-01 06:07:46
128,MX0128,CMH,LGA,2025-07-27 05:07:46,2025-07-28 01:07:46
129,MX0129,BCN,AUS,2025-06-15 06:07:46,2025-06-16 02:07:46
130,MX0130,CUR,ACF,2025-11-01 02:07:46,2025-11-02 00:07:46
131,MX0131,CTU,XPL,2025-08-18 04:07:46,2025-08-18 15:07:46
132,MX0132,JFK,DXB,2025-06-01 06:07:46,2025-06-01 12:07:46
133,MX0133,BRU,DEL,2025-10-04 05:07:46,2025-10-04 22:07:46
134,MX0134,CTU,AMS,2025-06-18 22:07:46,2025-06-19 06:07:46
135,MX0135,CLE,ATH,2025-08-20 06:07:46,2025-08-20 07:07:46
136,MX0136,PIT,CUR,2025-10-20 19:07:46,2025-10-21 16:07:46
137,MX0137,CUR,GRR,2025-08-02 07:07:46,2025-08-03 06:07:46
138,MX0138,JFK,ATH,2025-05-12 16:07:46,2025-05-13 13:07:46
139,MX0139,LAX,PIT,2025-05-14 20:07:46,2025-05-15 01:07:46
140,MX0140,BCN,LGA,2025-10-08 08:07:46,2025-10-09 03:07:46
141,MX0141,ORD,PSC,2025-05-20 20:07:46,2025-05-21 04:07:46
142,MX0142,DTW,CUR,2025-10-31 23:07:46,2025-11-01 01:07:46
143,MX0143,AUS,CTU,2025-07-12 10:07:46,2025-07-12 13:07:46
144,MX0144,JAX,BGI,2025-10-17 08:07:46,2025-10-17 23:07:46
145,MX0145,EWR,PSC,2025-08-13 20:07:46,2025-08-13 22:07:46
146,MX0146,OGG,GEO,2025-10-21 13:07:46,2025-10-21 16:07:46
147,MX0147,MSO,BOG,2025-10-18 10:07:46,2025-10-19 01:07:46
148,MX0148,CMH,FRA,2025-10-28 22:07:46,2025-10-29 00:07:46
149,MX0149,MEX,PIT,2025-08-13 08:07:46,2025-08-14 05:07:46
150,MX0150,AMS,MAA,2025-07-19 19:07:46,2025-07-20 07:07:46
151,MX0151,IAD,XPL,2025-06-14 18:07:46,2025-06-15 14:07:46
152,MX0152,MAA,GRR,2025-10-03 11:07:46,2025-10-04 00:07:46
153,MX0153,ORD,GRR,2025-07-01 22:07:46,2025-07-02 12:07:46
154,MX0154,CUN,LAX,2025-09-03 22:07:46,2025-09-04 08:07:46
155,MX0155,IAD,LHR,2025-09-02 14:07:46,2025-09-02 17:07:46
156,MX0156,SEA,PIT,2025-09-26 06:07:46,2025-09-26 08:07:46
157,MX0157,XPL,DEL,2025-07-08 23:07:46,2025-07-09 03:07:46
158,MX0158,ATH,CTU,2025-09-16 10:07:46,2025-09-17 01:07:46
159,MX0159,ACF,IAH,2025-06-27 10:07:46,2025-06-27 13:07:46
160,MX0160,LAX,ORD,2025-11-01 19:07:46,2025-11-02 07:07:46
161,MX0161,BOI,FRA,2025-09-16 08:07:46,2025-09-17 03:07:46
162,MX0162,CUN,SEA,2025-07-01 04:07:46,2025-07-01 19:07:46
163,MX0163,CTU,EWR,2025-10-25 10:07:46,2025-10-25 14:07:46
164,MX0164,BRU,LHR,2025-05-27 21:07:46,2025-05-28 01:07:46
165,MX0165,IAD,DXB,2025-07-01 09:07:46,2025-07-02 03:07:46
166,MX0166,OGG,CLE,2025-10-03 09:07:46,2025-10-03 11:07:46
167,MX0167,BOI,CMH,2025-05-28 06:07:46,2025-05-28 16:07:46
168,MX0168,JFK,MVD,2025-05-29 23:07:46,2025-05-30 10:07:46
169,MX0169,AUS,LHR,2025-08-26 08:07:46,2025-08-26 19:07:46
170,MX0170,JAX,CUN,2025-09-25 00:07:46,2025-09-25 17:07:46
171,MX0171,ORD,MAA,2025-10-11 03:07:46,2025-10-12 00:07:46
172,MX0172,BCN,CUR,2025-07-29 13:07:46,2025-07-30 09:07:46
173,MX0173,DEL,ORD,2025-05-11 07:07:46,2025-05-12 06:07:46
174,MX0174,BOG,IAH,2025-10-16 06:07:46,2025-10-16 22:07:46
175,MX0175,CLE,FRA,2025-06-29 02:07:46,2025-06-30 01:07:46
176,MX0176,PSC,EWR,2025-09-04 10:07:46,2025-09-05 03:07:46
177,MX0177,CMH,AUS,2025-09-02 04:07:46,2025-09-03 00:07:46
178,MX0178,BGI,CUR,2025-07-30 18:07:46,2025-07-31 10:07:46
179,MX0179,MSO,XPL,2025-05-20 16:07:46,2025-05-21 13:07:46
180,MX0180,PHX,DEL,2025-09-14 17:07:46,2025-09-15 02:07:46
181,MX0181,JAX,CUR,2025-06-07 15:07:46,2025-06-08 00:07:46
182,MX0182,JAX,CTU,2025-06-01 10:07:46,2025-06-01 21:07:46
183,MX0183,BCN,MAA,2025-09-29 05:07:46,2025-09-29 13:07:46
184,MX0184,GRR,BOM,2025-05-22 17:07:46,2025-05-22 21:07:46
185,MX0185,CUR,ORD,2025-10-14 03:07:46,2025-10-14 03:07:46
186,MX0186,FRA,OGG,2025-09-29 07:07:46,2025-09-29 16:07:46
187,MX0187,MAA,XPL,2025-07-27 14:07:46,2025-07-28 11:07:46
188,MX0188,LHR,PSC,2025-06-21 23:07:46,2025-06-22 19:07:46
189,MX0189,PIT,CUR,2025-08-22 18:07:46,2025-08-23 00:07:46
190,MX0190,MSO,CUR,2025-07-20 09:07:46,2025-07-21 08:07:46
191,MX0191,AUS,JFK,2025-06-07 11:07:46,2025-06-07 13:07:46
192,MX0192,JAX,CUN,2025-09-24 03:07:46,2025-09-24 09:07:46
193,MX0193,BOI,ACF,2025-09-07 23:07:46,2025-09-08 14:07:46
194,MX0194,PHX,MEX,2025-10-17 22:07:46,2025-10-17 23:07:46
195,MX0195,CUR,ATH,2025-08-31 13:07:46,2025-09-01 01:07:46
196,MX0196,LHR,DXB,2025-05-22 17:07:46,2025-05-23 08:07:46
197,MX0197,ORD,BCN,2025-10-24 18:07:46,2025-10-25 11:07:46
198,MX0198,DTW,EWR,2025-07-17 06:07:46,2025-07-17 18:07:46
199,MX0199,AMS,IAH,2025-09-05 20:07:46,2025-09-06 02:07:46
200,MX0200,EWR,CLE,2025-08-31 09:07:46,2025-09-01 00:07:46
201,MX0201,DEL,MVD,2025-05-22 22:07:46,2025-05-23 18:07:46
202,MX0202,JAX,BOG,2025-10-16 21:07:46,2025-10-17 17:07:46
203,MX0203,CTU,LAX,2025-08-17 18:07:46,2025-08-18 03:07:46
204,MX0204,MAA,OGG,2025-08-15 08:07:46,2025-08-16 06:07:46
205,MX0205,XPL,BRU,2025-08-26 03:07:46,2025-08-27 00:07:46
206,MX0206,ACF,XPL,2025-05-09 02:07:46,2025-05-09 23:07:46
207,MX0207,CTU,GRR,2025-08-26 20:07:46,2025-08-27 11:07:46
208,MX0208,JFK,XPL,2025-08-13 12:07:46,2025-08-14 11:07:46
209,MX0209,PIT,CUR,2025-10-25 07:07:46,2025-10-25 13:07:46
210,MX0210,CMH,IAD,2025-09-12 15:07:46,2025-09-13 10:07:46
211,MX0211,OGG,DTW,2025-10-03 23:07:46,2025-10-04 19:07:46
212,MX0212,PSC,MSO,2025-07-29 01:07:46,2025-07-29 03:07:46
213,MX0213,GRR,CUN,2025-06-11 01:07:46,2025-06-11 17:07:46
214,MX0214,EWR,CTU,2025-11-02 13:07:46,2025-11-03 02:07:46
215,MX0215,FRA,JFK,2025-10-02 20:07:46,2025-10-03 07:07:46
216,MX0216,PSC,XPL,2025-07-17 02:07:46,2025-07-17 02:07:46
217,MX0217,OGG,CTU,2025-10-13 03:07:46,2025-10-13 04:07:46
218,MX0218,GRR,IAH,2025-05-15 07:07:46,2025-05-16 02:07:46
219,MX0219,AMS,CTU,2025-09-04 21:07:46,2025-09-05 06:07:46
220,MX0220,GRR,BOM,2025-09-25 02:07:46,2025-09-25 04:07:46
221,MX0221,DTW,PTY,2025-10-12 03:07:46,2025-10-12 12:07:46
222,MX0222,BRU,ACF,2025-05-23 21:07:46,2025-05-24 05:07:46
223,MX0223,BOG,BGI,2025-10-14 04:07:46,2025-10-14 21:07:46
224,MX0224,JAX,AUS,2025-07-01 12:07:46,2025-07-02 03:07:46
225,MX0225,GEO,JFK,2025-08-01 08:07:46,2025-08-01 18:07:46
226,MX0226,BRU,AUS,2025-07-04 04:07:46,2025-07-04 08:07:46
227,MX0227,BCN,XPL,2025-08-14 08:07:46,2025-08-15 07:07:46
228,MX0228,BGI,DXB,2025-10-18 08:07:46,2025-10-18 13:07:46
229,MX0229,MSO,GRR,2025-07-25 22:07:46,2025-07-26 11:07:46
230,MX0230,ORD,DTW,2025-09-08 02:07:46,2025-09-08 22:07:46
231,MX0231,SEA,JAX,2025-06-24 22:07:46,2025-06-25 02:07:46
232,MX0232,SEA,MSO,2025-06-15 18:07:46,2025-06-16 17:07:46
233,MX0233,AUS,ACF,2025-06-30 16:07:46,2025-07-01 10:07:46
234,MX0234,IAH,BOG,2025-09-04 22:07:46,2025-09-04 23:07:46
235,MX0235,GRR,JAX,2025-10-08 18:07:46,2025-10-08 18:07:46
236,MX0236,ACF,AMS,2025-08-11 23:07:46,2025-08-12 20:07:46
237,MX0237,MSO,FRA,2025-09-11 07:07:46,2025-09-12 06:07:46
238,MX0238,GEO,BOI,2025-06-24 06:07:46,2025-06-24 22:07:46
239,MX0239,XPL,CUN,2025-08-01 18:07:46,2025-08-02 17:07:46
240,MX0240,SEA,ATH,2025-05-10 03:07:46,2025-05-10 22:07:46
241,MX0241,PIT,CUN,2025-10-27 08:07:46,2025-10-27 11:07:46
242,MX0242,PHX,FRA,2025-09-25 07:07:46,2025-09-25 10:07:46
243,MX0243,CLE,BOM,2025-07-04 06:07:46,2025-07-04 22:07:46
244,MX0244,AUS,LAX,2025-05-12 14:07:46,2025-05-12 15:07:46
245,MX0245,OGG,ORD,2025-05-10 00:07:46,2025-05-10 12:07:46
246,MX0246,BRU,ORD,2025-07-25 14:07:46,2025-07-26 04:07:46
247,MX0247,BGI,CTU,2025-09-09 13:07:46,2025-09-09 15:07:46
248,MX0248,PSC,AMS,2025-06-08 09:07:46,2025-06-08 17:07:46
249,MX0249,EWR,DEL,2025-09-17 05:07:46,2025-09-17 20:07:46
250,MX0250,MEX,MAA,2025-08-20 03:07:46,2025-08-20 07:07:46
251,MX0251,LHR,CTU,2025-07-02 10:07:46,2025-07-02 15:07:46
252,MX0252,GRR,MVD,2025-05-18 04:07:46,2025-05-18 20:07:46
253,MX0253,ATH,BOM,2025-06-25 13:07:46,2025-06-26 04:07:46
254,MX0254,PIT,ACF,2025-07-15 03:07:46,2025-07-15 19:07:46
255,MX0255,PIT,CUR,2025-08-01 16:07:46,2025-08-02 07:07:46
256,MX0256,ATH,CMH,2025-07-29 05:07:46,2025-07-29 07:07:46
257,MX0257,XPL,PSC,2025-06-05 13:07:46,2025-06-05 17:07:46
258,MX0258,PHX,ORD,2025-07-20 09:07:46,2025-07-20 22:07:46
259,MX0259,BGI,DEL,2025-10-06 22:07:46,2025-10-07 01:07:46
260,MX0260,DXB,MSO,2025-05-20 00:07:46,2025-05-20 18:07:46
261,MX0261,BCN,MEX,2025-09-26 23:07:46,2025-09-27 16:07:46
262,MX0262,ATH,JFK,2025-09-07 22:07:46,2025-09-08 12:07:46
263,MX0263,XPL,ATH,2025-08-18 06:07:46,2025-08-18 10:07:46
264,MX0264,BOM,FRA,2025-09-07 16:07:46,2025-09-08 02:07:46
265,MX0265,CMH,GRR,2025-06-23 17:07:46,2025-06-24 03:07:46
266,MX0266,CTU,AMS,2025-07-27 12:07:46,2025-07-27 23:07:46
267,MX0267,GEO,JAX,2025-05-23 22:07:46,2025-05-24 17:07:46
268,MX0268,AUS,BGI,2025-10-19 22:07:46,2025-10-20 17:07:46
269,MX0269,ORD,MVD,2025-08-23 08:07:46,2025-08-23 16:07:46
270,MX0270,FRA,SEA,2025-11-01 06:07:46,2025-11-01 16:07:46
271,MX0271,BCN,XPL,2025-06-27 03:07:46,2025-06-27 13:07:46
272,MX0272,GEO,JAX,2025-06-18 04:07:46,2025-06-18 06:07:46
273,MX0273,MSO,MVD,2025-06-08 23:07:46,2025-06-09 10:07:46
274,MX0274,ATH,AMS,2025-07-24 02:07:46,2025-07-24 07:07:46
275,MX0275,PHX,CUR,2025-08-02 09:07:46,2025-08-02 09:07:46
276,MX0276,OGG,MAA,2025-09-30 22:07:46,2025-10-01 05:07:46
277,MX0277,AUS,ACF,2025-05-18 16:07:46,2025-05-19 00:07:46
278,MX0278,PTY,FRA,2025-09-05 17:07:46,2025-09-05 23:07:46
279,MX0279,EWR,BCN,2025-10-23 17:07:46,2025-10-24 00:07:46
280,MX0280,MEX,JFK,2025-09-12 05:07:46,2025-09-12 15:07:46
281,MX0281,SEA,IAH,2025-07-04 15:07:46,2025-07-05 09:07:46
282,MX0282,DTW,OGG,2025-05-25 10:07:46,2025-05-25 12:07:46
283,MX0283,AMS,OGG,2025-09-14 00:07:46,2025-09-14 13:07:46
284,MX0284,MAA,CMH,2025-06-08 05:07:46,2025-06-08 15:07:46
285,MX0285,CLE,OGG,2025-10-17 09:07:46,2025-10-17 17:07:46
286,MX0286,OGG,AMS,2025-06-27 23:07:46,2025-06-28 08:07:46
287,MX0287,AMS,GEO,2025-10-20 18:07:46,2025-10-20 23:07:46
288,MX0288,BCN,BGI,2025-07-27 10:07:46,2025-07-28 08:07:46
289,MX0289,LHR,CUR,2025-10-13 19:07:46,2025-10-14 15:07:46
290,MX0290,BCN,CUN,2025-09-25 11:07:46,2025-09-25 18:07:46
291,MX0291,PIT,GRR,2025-06-07 05:07:46,2025-06-07 13:07:46
292,MX0292,MAA,MEX,2025-06-27 02:07:46,2025-06-27 05:07:46
293,MX0293,MAA,LHR,2025-09-15 20:07:46,2025-09-16 08:07:46
294,MX0294,BOM,AUS,2025-05-09 18:07:46,2025-05-10 09:07:46
295,MX0295,CUN,CUR,2025-09-23 10:07:46,2025-09-23 12:07:46
296,MX0296,BCN,GEO,2025-10-16 21:07:46,2025-10-17 00:07:46
297,MX0297,JAX,BGI,2025-08-16 09:07:46,2025-08-16 13:07:46
298,MX0298,AMS,CMH,2025-06-17 17:07:46,2025-06-18 16:07:46
299,MX0299,CLE,ATH,2025-09-10 01:07:46,2025-09-10 01:07:46
300,MX0300,PIT,PTY,2025-10-20 02:07:46,2025-10-20 07:07:46
301,MX0301,CMH,MAA,2025-10-12 12:07:46,2025-10-12 15:07:46
302,MX0302,MVD,BRU,2025-10-17 05:07:46,2025-10-17 08:07:46
303,MX0303,BCN,ACF,2025-09-17 21:07:46,2025-09-18 18:07:46
304,MX0304,SEA,PIT,2025-10-10 03:07:46,2025-10-10 11:07:46
305,MX0305,GEO,ACF,2025-06-21 05:07:46,2025-06-21 12:07:46
306,MX0306,MSO,AMS,2025-08-01 09:07:46,2025-08-01 09:07:46
307,MX0307,CTU,LHR,2025-05-16 23:07:46,2025-05-17 05:07:46
308,MX0308,BCN,BOI,2025-06-30 20:07:46,2025-06-30 23:07:46
309,MX0309,IAH,CUN,2025-05-30 16:07:46,2025-05-31 02:07:46
310,MX0310,MVD,ATH,2025-05-19 22:07:46,2025-05-20 05:07:46
311,MX0311,IAH,BOM,2025-10-30 19:07:46,2025-10-31 04:07:46
312,MX0312,MSO,BCN,2025-07-08 08:07:46,2025-07-08 18:07:46
313,MX0313,SEA,FRA,2025-07-31 14:07:46,2025-07-31 15:07:46
314,MX0314,EWR,LAX,2025-07-29 03:07:46,2025-07-30 02:07:46
315,MX0315,CMH,CUR,2025-05-17 18:07:46,2025-05-18 01:07:46
316,MX0316,BOM,CTU,2025-08-21 23:07:46,2025-08-22 11:07:46
317,MX0317,DEL,BOI,2025-10-19 05:07:46,2025-10-19 18:07:46
318,MX0318,CMH,IAD,2025-10-14 20:07:46,2025-10-15 00:07:46
319,MX0319,AMS,BOI,2025-07-27 18:07:46,2025-07-28 14:07:46
320,MX0320,BOI,MAA,2025-07-02 09:07:46,2025-07-03 05:07:46
321,MX0321,IAH,XPL,2025-06-06 23:07:46,2025-06-07 08:07:46
322,MX0322,BCN,SEA,2025-06-26 07:07:46,2025-06-27 06:07:46
323,MX0323,ATH,PIT,2025-09-07 05:07:46,2025-09-07 14:07:46
324,MX0324,AMS,GEO,2025-06-19 08:07:46,2025-06-20 00:07:46
325,MX0325,MEX,DXB,2025-06-17 17:07:46,2025-06-18 06:07:46
326,MX0326,ACF,JFK,2025-05-15 16:07:46,2025-05-15 16:07:46
327,MX0327,MAA,ACF,2025-09-08 15:07:46,2025-09-09 14:07:46
328,MX0328,EWR,BOG,2025-08-03 20:07:46,2025-08-04 13:07:46
329,MX0329,CUN,DEL,2025-10-17 22:07:46,2025-10-18 07:07:46
330,MX0330,CMH,MSO,2025-07-22 09:07:46,2025-07-22 15:07:46
331,MX0331,SEA,BRU,2025-07-19 00:07:46,2025-07-19 20:07:46
332,MX0332,PIT,JFK,2025-08-31 22:07:46,2025-09-01 21:07:46
333,MX0333,LAX,MEX,2025-07-09 03:07:46,2025-07-09 20:07:46
334,MX0334,CLE,OGG,2025-10-25 11:07:46,2025-10-25 18:07:46
335,MX0335,LGA,BRU,2025-07-07 22:07:46,2025-07-08 20:07:46
336,MX0336,FRA,ACF,2025-09-17 03:07:46,2025-09-17 22:07:46
337,MX0337,JFK,XPL,2025-05-20 21:07:46,2025-05-21 09:07:46
338,MX0338,BCN,CLE,2025-06-27 00:07:46,2025-06-27 19:07:46
339,MX0339,PIT,FRA,2025-08-02 09:07:46,2025-08-03 00:07:46
340,MX0340,MSO,ORD,2025-09-23 13:07:46,2025-09-24 02:07:46
341,MX0341,GEO,CUR,2025-10-11 04:07:46,2025-10-12 03:07:46
342,MX0342,GEO,OGG,2025-09-11 02:07:46,2025-09-11 18:07:46
343,MX0343,CTU,PTY,2025-08-03 04:07:46,2025-08-04 02:07:46
344,MX0344,MEX,LAX,2025-07-06 07:07:46,2025-07-06 12:07:46
345,MX0345,MEX,BCN,2025-06-25 17:07:46,2025-06-26 03:07:46
346,MX0346,CMH,DXB,2025-10-21 19:07:46,2025-10-22 17:07:46
347,MX0347,FRA,BCN,2025-08-09 06:07:46,2025-08-10 02:07:46
348,MX0348,JAX,GRR,2025-09-30 12:07:46,2025-10-01 11:07:46
349,MX0349,EWR,BCN,2025-08-08 23:07:46,2025-08-09 20:07:46
350,MX0350,CUN,GRR,2025-07-08 22:07:46,2025-07-09 18:07:46
351,MX0351,SEA,PSC,2025-09-21 12:07:46,2025-09-22 05:07:46
352,MX0352,PTY,SEA,2025-06-04 17:07:46,2025-06-04 21:07:46
353,MX0353,PSC,IAD,2025-10-01 19:07:46,2025-10-02 05:07:46
354,MX0354,BRU,MVD,2025-09-24 01:07:46,2025-09-24 20:07:46
355,MX0355,CTU,CMH,2025-10-05 09:07:46,2025-10-05 21:07:46
356,MX0356,BOM,LHR,2025-06-24 18:07:46,2025-06-25 09:07:46
357,MX0357,CUN,IAD,2025-05-18 10:07:46,2025-05-19 07:07:46
358,MX0358,DXB,CMH,2025-09-15 02:07:46,2025-09-15 22:07:46
359,MX0359,JFK,MAA,2025-10-10 08:07:46,2025-10-10 20:07:46
360,MX0360,GRR,AUS,2025-10-29 11:07:46,2025-10-30 10:07:46
361,MX0361,JFK,MAA,2025-05-10 20:07:46,2025-05-10 23:07:46
362,MX0362,BOM,SEA,2025-08-05 04:07:46,2025-08-06 03:07:46
363,MX0363,MEX,BGI,2025-05-21 21:07:46,2025-05-22 08:07:46
364,MX0364,IAH,ACF,2025-06-28 00:07:46,2025-06-28 11:07:46
365,MX0365,ORD,LHR,2025-07-06 08:07:46,2025-07-07 03:07:46
366,MX0366,BCN,AUS,2025-09-09 17:07:46,2025-09-10 04:07:46
367,MX0367,MSO,PSC,2025-10-20 08:07:46,2025-10-20 20:07:46
368,MX0368,IAD,DEL,2025-06-17 14:07:46,2025-06-18 01:07:46
369,MX0369,OGG,PHX,2025-08-19 18:07:46,2025-08-20 16:07:46
370,MX0370,DTW,DEL,2025-08-03 21:07:46,2025-08-04 01:07:46
371,MX0371,MEX,CUR,2025-10-27 09:07:46,2025-10-27 22:07:46
372,MX0372,LHR,MSO,2025-09-16 09:07:46,2025-09-16 16:07:46
373,MX0373,BCN,AMS,2025-09-30 10:07:46,2025-09-30 22:07:46
374,MX0374,SEA,BCN,2025-06-16 07:07:46,2025-06-16 21:07:46
375,MX0375,CMH,GEO,2025-08-09 05:07:46,2025-08-09 14:07:46
376,MX0376,MSO,CTU,2025-09-10 04:07:46,2025-09-10 19:07:46
377,MX0377,AMS,DXB,2025-08-31 20:07:46,2025-09-01 03:07:46
378,MX0378,LHR,CUR,2025-06-26 06:07:46,2025-06-26 10:07:46
379,MX0379,FRA,XPL,2025-06-01 16:07:46,2025-06-02 06:07:46
380,MX0380,PIT,BOM,2025-08-12 20:07:46,2025-08-13 11:07:46
381,MX0381,CTU,JAX,2025-08-20 13:07:46,2025-08-20 23:07:46
382,MX0382,EWR,ACF,2025-05-12 18:07:46,2025-05-13 09:07:46
383,MX0383,BOG,JAX,2025-09-19 18:07:46,2025-09-20 05:07:46
384,MX0384,ATH,BOI,2025-09-04 05:07:46,2025-09-04 15:07:46
385,MX0385,SEA,BCN,2025-05-31 10:07:46,2025-05-31 11:07:46
386,MX0386,ATH,JFK,2025-05-21 08:07:46,2025-05-21 19:07:46
387,MX0387,MVD,IAH,2025-08-03 06:07:46,2025-08-03 12:07:46
388,MX0388,BRU,FRA,2025-08-22 16:07:46,2025-08-23 03:07:46
389,MX0389,ATH,BCN,2025-06-05 23:07:46,2025-06-06 06:07:46
390,MX0390,EWR,LGA,2025-09-07 19:07:46,2025-09-08 09:07:46
391,MX0391,LAX,BOG,2025-10-06 19:07:46,2025-10-07 16:07:46
392,MX0392,MAA,PSC,2025-05-19 00:07:46,2025-05-19 17:07:46
393,MX0393,AMS,BOG,2025-05-12 21:07:46,2025-05-13 11:07:46
394,MX0394,MSO,CTU,2025-09-03 18:07:46,2025-09-04 08:07:46
395,MX0395,LAX,DEL,2025-06-01 02:07:46,2025-06-01 17:07:46
396,MX0396,BGI,LHR,2025-06-21 15:07:46,2025-06-22 03:07:46
397,MX0397,MVD,OGG,2025-09-16 17:07:46,2025-09-16 20:07:46
398,MX0398,CMH,JFK,2025-08-06 04:07:46,2025-08-06 07:07:46
399,MX0399,SEA,CLE,2025-06-15 03:07:46,2025-06-15 04:07:46
400,MX0400,ATH,MVD,2025-06-25 13:07:46,2025-06-25 14:07:46
401,MX0401,PHX,CMH,2025-09-11 00:07:46,2025-09-11 18:07:46
402,MX0402,SEA,DTW,2025-06-05 07:07:46,2025-06-05 22:07:46
403,MX0403,MVD,DXB,2025-09-04 02:07:46,2025-09-04 06:07:46
404,MX0404,DTW,ORD,2025-07-12 09:07:46,2025-07-12 23:07:46
405,MX0405,BGI,FRA,2025-05-15 22:07:46,2025-05-16 17:07:46
406,MX0406,PTY,LHR,2025-10-08 16:07:46,2025-10-09 06:07:46
407,MX0407,GEO,BCN,2025-10-13 14:07:46,2025-10-13 15:07:46
408,MX0408,FRA,IAD,2025-10-02 21:07:46,2025-10-03 03:07:46
409,MX0409,GEO,PHX,2025-06-17 03:07:46,2025-06-17 03:07:46
410,MX0410,JFK,PSC,2025-08-27 03:07:46,2025-08-27 11:07:46
411,MX0411,JFK,LHR,2025-10-24 02:07:46,2025-10-24 19:07:46
412,MX0412,PIT,LAX,2025-07-04 10:07:46,2025-07-04 21:07:46
413,MX0413,IAD,CLE,2025-07-19 12:07:46,2025-07-19 15:07:46
414,MX0414,IAH,ORD,2025-06-12 07:07:46,2025-06-12 20:07:46
415,MX0415,CTU,CUR,2025-07-11 11:07:46,2025-07-12 08:07:46
416,MX0416,PTY,BCN,2025-10-19 03:07:46,2025-10-19 17:07:46
417,MX0417,BOM,GRR,2025-10-17 12:07:46,2025-10-17 16:07:46
418,MX0418,XPL,LGA,2025-05-28 00:07:46,2025-05-28 06:07:46
419,MX0419,AUS,MVD,2025-06-30 07:07:46,2025-06-30 23:07:46
420,MX0420,PTY,BCN,2025-06-27 19:07:46,2025-06-28 04:07:46
421,MX0421,EWR,MAA,2025-09-12 20:07:46,2025-09-13 03:07:46
422,MX0422,ATH,IAH,2025-08-16 23:07:46,2025-08-17 06:07:46
423,MX0423,CLE,CUN,2025-08-10 19:07:46,2025-08-11 02:07:46
424,MX0424,FRA,IAD,2025-10-09 18:07:46,2025-10-10 16:07:46
425,MX0425,BOI,LGA,2025-07-03 19:07:46,2025-07-04 00:07:46
426,MX0426,MEX,JFK,2025-06-22 12:07:46,2025-06-22 14:07:46
427,MX0427,MSO,IAH,2025-10-05 22:07:46,2025-10-06 03:07:46
428,MX0428,IAH,LHR,2025-06-26 12:07:46,2025-06-26 16:07:46
429,MX0429,IAD,DEL,2025-06-10 07:07:46,2025-06-10 16:07:46
430,MX0430,JAX,PHX,2025-08-18 08:07:46,2025-08-18 11:07:46
431,MX0431,LHR,DXB,2025-07-25 03:07:46,2025-07-25 14:07:46
432,MX0432,EWR,CTU,2025-08-06 03:07:46,2025-08-06 08:07:46
433,MX0433,BOG,FRA,2025-06-20 02:07:46,2025-06-20 02:07:46
434,MX0434,BOI,BOG,2025-07-19 17:07:46,2025-07-19 19:07:46
435,MX0435,CTU,CLE,2025-07-21 10:07:46,2025-07-21 15:07:46
436,MX0436,ORD,MVD,2025-08-19 16:07:46,2025-08-20 08:07:46
437,MX0437,JFK,PTY,2025-09-08 17:07:46,2025-09-09 15:07:46
438,MX0438,MEX,CUN,2025-07-25 12:07:46,2025-07-26 02:07:46
439,MX0439,ATH,FRA,2025-07-25 10:07:46,2025-07-25 17:07:46
440,MX0440,BOI,MVD,2025-09-27 10:07:46,2025-09-27 21:07:46
441,MX0441,MAA,JFK,2025-10-29 10:07:46,2025-10-29 10:07:46
442,MX0442,PHX,MSO,2025-09-27 07:07:46,2025-09-28 04:07:46
443,MX0443,AMS,CTU,2025-05-20 19:07:46,2025-05-21 00:07:46
444,MX0444,BRU,BCN,2025-07-27 06:07:46,2025-07-28 05:07:46
445,MX0445,LAX,AMS,2025-10-20 23:07:46,2025-10-21 01:07:46
446,MX0446,CLE,OGG,2025-08-12 09:07:46,2025-08-13 00:07:46
447,MX0447,CMH,SEA,2025-09-19 18:07:46,2025-09-20 12:07:46
448,MX0448,EWR,CLE,2025-06-22 01:07:46,2025-06-22 03:07:46
449,MX0449,AUS,IAD,2025-05-10 15:07:46,2025-05-11 11:07:46
450,MX0450,LHR,JAX,2025-07-05 06:07:46,2025-07-06 05:07:46
451,MX0451,AMS,PSC,2025-10-09 00:07:46,2025-10-09 02:07:46
452,MX0452,DEL,CMH,2025-09-23 13:07:46,2025-09-23 16:07:46
453,MX0453,LGA,MEX,2025-08-05 06:07:46,2025-08-05 18:07:46
454,MX0454,LHR,XPL,2025-10-19 16:07:46,2025-10-20 12:07:46
455,MX0455,SEA,MEX,2025-10-20 05:07:46,2025-10-20 11:07:46
456,MX0456,AMS,CUR,2025-10-06 16:07:46,2025-10-06 19:07:46
457,MX0457,BGI,MAA,2025-05-19 17:07:46,2025-05-20 12:07:46
458,MX0458,FRA,CUN,2025-08-22 08:07:46,2025-08-22 18:07:46
459,MX0459,BRU,LHR,2025-09-22 03:07:46,2025-09-22 21:07:46
460,MX0460,CTU,AMS,2025-05-23 21:07:46,2025-05-24 00:07:46
461,MX0461,OGG,IAH,2025-09-15 12:07:46,2025-09-16 01:07:46
462,MX0462,CUR,MVD,2025-06-09 19:07:46,2025-06-10 05:07:46
463,MX0463,BGI,BCN,2025-08-19 19:07:46,2025-08-20 10:07:46
464,MX0464,ORD,JFK,2025-09-13 14:07:46,2025-09-13 21:07:46
465,MX0465,JFK,DEL,2025-05-31 15:07:46,2025-06-01 14:07:46
466,MX0466,CUN,XPL,2025-05-23 03:07:46,2025-05-23 14:07:46
467,MX0467,LGA,BOG,2025-06-25 05:07:46,2025-06-25 19:07:46
468,MX0468,XPL,BOG,2025-10-03 08:07:46,2025-10-03 09:07:46
469,MX0469,PSC,PIT,2025-09-18 08:07:46,2025-09-19 01:07:46
470,MX0470,AMS,MEX,2025-09-28 04:07:46,2025-09-28 22:07:46
471,MX0471,PHX,DXB,2025-06-27 10:07:46,2025-06-27 18:07:46
472,MX0472,LGA,ATH,2025-10-05 09:07:46,2025-10-05 19:07:46
473,MX0473,MAA,PIT,2025-10-21 10:07:46,2025-10-21 21:07:46
474,MX0474,GRR,ACF,2025-09-23 21:07:46,2025-09-24 04:07:46
475,MX0475,ATH,CLE,2025-08-09 20:07:46,2025-08-10 04:07:46
476,MX0476,PSC,BCN,2025-09-17 21:07:46,2025-09-18 14:07:46
477,MX0477,ATH,MSO,2025-08-14 11:07:46,2025-08-15 05:07:46
478,MX0478,DEL,BCN,2025-07-09 18:07:46,2025-07-09 19:07:46
479,MX0479,CUR,ATH,2025-07-16 10:07:46,2025-07-17 03:07:46
480,MX0480,IAH,CMH,2025-05-27 04:07:46,2025-05-28 02:07:46
481,MX0481,ACF,CUN,2025-08-19 03:07:46,2025-08-19 11:07:46
482,MX0482,JAX,BOM,2025-06-07 10:07:46,2025-06-08 01:07:46
483,MX0483,CUR,ACF,2025-09-04 07:07:46,2025-09-04 15:07:46
484,MX0484,XPL,CUR,2025-06-07 03:07:46,2025-06-07 06:07:46
485,MX0485,BRU,BGI,2025-05-15 09:07:46,2025-05-15 14:07:46
486,MX0486,BRU,MSO,2025-10-15 00:07:46,2025-10-15 01:07:46
487,MX0487,LGA,ATH,2025-10-24 09:07:46,2025-10-24 12:07:46
488,MX0488,GEO,DXB,2025-07-13 08:07:46,2025-07-13 17:07:46
489,MX0489,PTY,OGG,2025-10-13 11:07:46,2025-10-13 14:07:46
490,MX0490,DEL,BOG,2025-08-26 20:07:46,2025-08-27 12:07:46
491,MX0491,MAA,AMS,2025-07-23 02:07:46,2025-07-23 17:07:46
492,MX0492,CMH,BGI,2025-10-03 08:07:46,2025-10-04 00:07:46
493,MX0493,FRA,BGI,2025-06-01 01:07:46,2025-06-02 00:07:46
494,MX0494,CUN,PSC,2025-05-18 13:07:46,2025-05-18 20:07:46
495,MX0495,PIT,EWR,2025-05-28 04:07:46,2025-05-28 22:07:46
496,MX0496,GEO,BRU,2025-09-21 17:07:46,2025-09-22 12:07:46
497,MX0497,PIT,DEL,2025-09-07 00:07:46,2025-09-07 17:07:46
498,MX0498,EWR,CUN,2025-06-15 20:07:46,2025-06-16 18:07:46
499,MX0499,BCN,MSO,2025-08-28 02:07:46,2025-08-28 21:07:46
500,MX0500,CMH,JAX,2025-10-11 19:07:46,2025-10-12 11:07:46
501,MX0501,ATH,CTU,2025-05-30 13:07:46,2025-05-31 07:07:46
502,MX0502,MSO,LHR,2025-06-06 09:07:46,2025-06-06 16:07:46
503,MX0503,DTW,DXB,2025-07-15 16:07:46,2025-07-16 05:07:46
504,MX0504,CLE,IAD,2025-06-08 12:07:46,2025-06-09 01:07:46
505,MX0505,MVD,JFK,2025-05-27 08:07:46,2025-05-27 10:07:46
506,MX0506,DXB,PHX,2025-09-18 19:07:46,2025-09-19 03:07:46
507,MX0507,MSO,AMS,2025-10-04 21:07:46,2025-10-04 23:07:46
508,MX0508,CTU,MEX,2025-07-25 13:07:46,2025-07-25 20:07:46
509,MX0509,BRU,LHR,2025-08-18 12:07:46,2025-08-19 10:07:46
510,MX0510,LHR,FRA,2025-05-07 01:07:46,2025-05-07 22:07:46
511,MX0511,BCN,BOG,2025-05-09 18:07:46,2025-05-10 11:07:46
512,MX0512,ATH,MSO,2025-07-12 11:07:46,2025-07-13 05:07:46
513,MX0513,CTU,XPL,2025-07-27 06:07:46,2025-07-27 18:07:46
514,MX0514,CLE,DTW,2025-08-02 01:07:46,2025-08-02 03:07:46
515,MX0515,BOG,CUN,2025-07-05 10:07:46,2025-07-06 08:07:46
516,MX0516,GRR,DTW,2025-05-22 06:07:46,2025-05-22 13:07:46
517,MX0517,ORD,CUR,2025-10-10 00:07:46,2025-10-10 10:07:46
518,MX0518,DXB,BCN,2025-08-02 16:07:46,2025-08-03 04:07:46
519,MX0519,CMH,BOM,2025-07-05 17:07:46,2025-07-06 00:07:46
520,MX0520,LAX,GRR,2025-08-03 08:07:46,2025-08-04 07:07:46
521,MX0521,BRU,SEA,2025-09-27 23:07:46,2025-09-28 20:07:46
522,MX0522,MSO,PSC,2025-06-30 12:07:46,2025-06-30 21:07:46
523,MX0523,ATH,JAX,2025-10-11 01:07:46,2025-10-11 05:07:46
524,MX0524,MAA,MVD,2025-08-29 19:07:46,2025-08-29 20:07:46
525,MX0525,AUS,EWR,2025-10-07 07:07:46,2025-10-08 05:07:46
526,MX0526,BOI,JFK,2025-06-12 18:07:46,2025-06-13 05:07:46
527,MX0527,IAH,PSC,2025-08-16 14:07:46,2025-08-17 06:07:46
528,MX0528,CMH,ORD,2025-09-26 18:07:46,2025-09-27 13:07:46
529,MX0529,CUR,GEO,2025-05-19 22:07:46,2025-05-20 21:07:46
530,MX0530,BGI,BOM,2025-10-27 04:07:46,2025-10-27 06:07:46
531,MX0531,OGG,XPL,2025-05-31 09:07:46,2025-05-31 19:07:46
532,MX0532,CUR,BRU,2025-09-03 02:07:46,2025-09-03 02:07:46
533,MX0533,IAH,CUR,2025-06-20 09:07:46,2025-06-20 12:07:46
534,MX0534,JAX,CTU,2025-07-08 10:07:46,2025-07-09 09:07:46
535,MX0535,BOG,PTY,2025-07-21 02:07:46,2025-07-21 03:07:46
536,MX0536,MVD,OGG,2025-08-05 22:07:46,2025-08-06 00:07:46
537,MX0537,ORD,JAX,2025-08-28 00:07:46,2025-08-28 17:07:46
538,MX0538,PSC,BGI,2025-10-04 04:07:46,2025-10-04 11:07:46
539,MX0539,JFK,CLE,2025-08-21 13:07:46,2025-08-22 06:07:46
540,MX0540,BGI,XPL,2025-10-21 02:07:46,2025-10-21 22:07:46
541,MX0541,BGI,PHX,2025-10-21 21:07:46,2025-10-21 22:07:46
542,MX0542,FRA,LHR,2025-10-06 17:07:46,2025-10-07 09:07:46
543,MX0543,CUR,ACF,2025-09-01 07:07:46,2025-09-01 17:07:46
544,MX0544,BOM,GEO,2025-09-17 23:07:46,2025-09-18 07:07:46
545,MX0545,CUR,JFK,2025-09-10 19:07:46,2025-09-10 19:07:46
546,MX0546,PTY,CLE,2025-05-30 12:07:46,2025-05-31 03:07:46
547,MX0547,PSC,DTW,2025-09-16 16:07:46,2025-09-17 05:07:46
548,MX0548,BGI,JAX,2025-09-26 07:07:46,2025-09-27 01:07:46
549,MX0549,PSC,BOM,2025-07-24 23:07:46,2025-07-25 15:07:46
550,MX0550,ORD,BOG,2025-05-24 12:07:46,2025-05-25 03:07:46
551,MX0551,SEA,CMH,2025-09-09 19:07:46,2025-09-10 04:07:46
552,MX0552,CLE,OGG,2025-09-22 09:07:46,2025-09-22 18:07:46
553,MX0553,MSO,EWR,2025-06-13 06:07:46,2025-06-13 17:07:46
554,MX0554,CTU,ACF,2025-05-14 23:07:46,2025-05-15 13:07:46
555,MX0555,DXB,LAX,2025-07-28 03:07:46,2025-07-28 16:07:46
556,MX0556,EWR,CLE,2025-08-10 19:07:46,2025-08-11 09:07:46
557,MX0557,JAX,EWR,2025-10-18 02:07:46,2025-10-18 10:07:46
558,MX0558,PTY,BRU,2025-10-08 19:07:46,2025-10-09 04:07:46
559,MX0559,CUR,BGI,2025-05-23 07:07:46,2025-05-23 14:07:46
560,MX0560,ACF,BGI,2025-08-20 07:07:46,2025-08-20 16:07:46
561,MX0561,BOM,CMH,2025-05-15 04:07:46,2025-05-15 07:07:46
562,MX0562,ATH,FRA,2025-07-13 23:07:46,2025-07-14 10:07:46
563,MX0563,DTW,MVD,2025-06-07 12:07:46,2025-06-07 16:07:46
564,MX0564,ACF,BCN,2025-06-07 04:07:46,2025-06-08 00:07:46
565,MX0565,JAX,GRR,2025-10-21 18:07:46,2025-10-22 03:07:46
566,MX0566,BRU,PHX,2025-05-31 23:07:46,2025-06-01 08:07:46
567,MX0567,CUN,BOM,2025-06-05 14:07:46,2025-06-05 22:07:46
568,MX0568,BOI,DXB,2025-10-29 06:07:46,2025-10-29 06:07:46
569,MX0569,OGG,BOI,2025-06-02 08:07:46,2025-06-02 14:07:46
570,MX0570,CLE,LGA,2025-10-17 08:07:46,2025-10-18 00:07:46
571,MX0571,CUN,OGG,2025-05-31 01:07:46,2025-05-31 21:07:46
572,MX0572,SEA,JFK,2025-07-13 14:07:46,2025-07-14 12:07:46
573,MX0573,AMS,ORD,2025-05-14 13:07:46,2025-05-15 06:07:46
574,MX0574,CUN,LHR,2025-08-21 11:07:46,2025-08-22 07:07:46
575,MX0575,LAX,JFK,2025-06-21 23:07:46,2025-06-21 23:07:46
576,MX0576,BOI,ATH,2025-05-18 01:07:46,2025-05-18 07:07:46
577,MX0577,BOM,PSC,2025-07-16 17:07:46,2025-07-17 10:07:46
578,MX0578,BGI,CUR,2025-09-26 22:07:46,2025-09-26 22:07:46
579,MX0579,PTY,XPL,2025-05-15 18:07:46,2025-05-15 18:07:46
580,MX0580,AMS,BOM,2025-10-27 22:07:46,2025-10-28 09:07:46
581,MX0581,DTW,PIT,2025-10-20 03:07:46,2025-10-20 11:07:46
582,MX0582,JFK,BOI,2025-05-07 14:07:46,2025-05-08 08:07:46
583,MX0583,MVD,BOM,2025-08-28 05:07:46,2025-08-28 06:07:46
584,MX0584,MAA,JFK,2025-06-08 16:07:46,2025-06-08 17:07:46
585,MX0585,MAA,BRU,2025-06-05 18:07:46,2025-06-06 08:07:46
586,MX0586,BOI,JFK,2025-05-29 04:07:46,2025-05-29 08:07:46
587,MX0587,BOM,ATH,2025-09-21 11:07:46,2025-09-21 23:07:46
588,MX0588,LGA,AMS,2025-09-08 21:07:46,2025-09-09 02:07:46
589,MX0589,CTU,EWR,2025-07-17 17:07:46,2025-07-18 03:07:46
590,MX0590,AUS,MEX,2025-05-14 23:07:46,2025-05-15 17:07:46
591,MX0591,JFK,LAX,2025-08-15 20:07:46,2025-08-15 23:07:46
592,MX0592,PTY,BRU,2025-09-23 05:07:46,2025-09-23 18:07:46
593,MX0593,ATH,JAX,2025-06-12 07:07:46,2025-06-12 11:07:46
594,MX0594,EWR,XPL,2025-10-22 06:07:46,2025-10-22 23:07:46
595,MX0595,LGA,JFK,2025-05-10 02:07:46,2025-05-10 15:07:46
596,MX0596,PTY,CMH,2025-07-31 01:07:46,2025-07-31 06:07:46
597,MX0597,DEL,XPL,2025-05-20 20:07:46,2025-05-21 11:07:46
598,MX0598,ACF,SEA,2025-07-24 02:07:46,2025-07-24 22:07:46
599,MX0599,AUS,MSO,2025-06-15 18:07:46,2025-06-15 23:07:46
600,MX0600,XPL,BRU,2025-08-11 11:07:46,2025-08-12 04:07:46
601,MX0601,ACF,BGI,2025-10-12 00:07:46,2025-10-12 19:07:46
602,MX0602,JFK,BOM,2025-05-07 14:07:46,2025-05-07 20:07:46
603,MX0603,CMH,CLE,2025-07-21 21:07:46,2025-07-22 06:07:46
604,MX0604,GRR,GEO,2025-06-21 06:07:46,2025-06-21 15:07:46
605,MX0605,DEL,MVD,2025-10-10 00:07:46,2025-10-10 14:07:46
606,MX0606,IAH,ATH,2025-07-28 16:07:46,2025-07-29 11:07:46
607,MX0607,IAD,MAA,2025-09-01 03:07:46,2025-09-01 09:07:46
608,MX0608,IAH,MAA,2025-07-04 19:07:46,2025-07-05 02:07:46
609,MX0609,JAX,PIT,2025-09-10 21:07:46,2025-09-11 15:07:46
610,MX0610,SEA,BCN,2025-08-01 23:07:46,2025-08-02 01:07:46
611,MX0611,LHR,PTY,2025-10-15 15:07:46,2025-10-15 15:07:46
612,MX0612,BCN,CTU,2025-10-09 23:07:46,2025-10-10 05:07:46
613,MX0613,DEL,SEA,2025-08-12 17:07:46,2025-08-13 05:07:46
614,MX0614,DXB,ACF,2025-05-09 01:07:46,2025-05-09 01:07:46
615,MX0615,OGG,MSO,2025-08-12 10:07:46,2025-08-12 11:07:46
616,MX0616,BGI,FRA,2025-10-01 17:07:46,2025-10-02 16:07:46
617,MX0617,BGI,PHX,2025-09-20 16:07:46,2025-09-20 18:07:46
618,MX0618,JFK,SEA,2025-07-29 07:07:46,2025-07-30 04:07:46
619,MX0619,BCN,PHX,2025-08-27 09:07:46,2025-08-27 15:07:46
620,MX0620,JFK,IAD,2025-10-27 03:07:46,2025-10-27 21:07:46
621,MX0621,OGG,BOG,2025-08-09 08:07:46,2025-08-09 08:07:46
622,MX0622,PHX,JAX,2025-09-20 15:07:46,2025-09-21 02:07:46
623,MX0623,DEL,PHX,2025-06-23 14:07:46,2025-06-23 21:07:46
624,MX0624,FRA,CTU,2025-07-10 17:07:46,2025-07-10 21:07:46
625,MX0625,PHX,BCN,2025-05-18 03:07:46,2025-05-18 23:07:46
626,MX0626,BOM,LGA,2025-09-17 11:07:46,2025-09-18 02:07:46
627,MX0627,LGA,ACF,2025-06-19 02:07:46,2025-06-19 02:07:46
628,MX0628,IAH,PIT,2025-09-02 05:07:46,2025-09-03 01:07:46
629,MX0629,LAX,MEX,2025-11-02 09:07:46,2025-11-02 10:07:46
630,MX0630,GEO,PHX,2025-10-28 15:07:46,2025-10-29 11:07:46
631,MX0631,GEO,FRA,2025-10-12 14:07:46,2025-10-13 09:07:46
632,MX0632,PSC,ORD,2025-05-17 09:07:46,2025-05-17 11:07:46
633,MX0633,PSC,GRR,2025-07-08 18:07:46,2025-07-09 11:07:46
634,MX0634,AUS,LAX,2025-06-08 10:07:46,2025-06-09 09:07:46
635,MX0635,BGI,LGA,2025-07-09 06:07:46,2025-07-10 05:07:46
636,MX0636,BOI,BRU,2025-07-06 09:07:46,2025-07-06 16:07:46
637,MX0637,BRU,FRA,2025-10-07 04:07:46,2025-10-08 01:07:46
638,MX0638,OGG,LGA,2025-09-21 23:07:46,2025-09-22 21:07:46
639,MX0639,IAD,BOM,2025-06-16 11:07:46,2025-06-17 01:07:46
640,MX0640,EWR,PHX,2025-08-22 08:07:46,2025-08-22 15:07:46
641,MX0641,ATH,IAH,2025-06-10 13:07:46,2025-06-10 14:07:46
642,MX0642,BOI,XPL,2025-10-23 09:07:46,2025-10-24 03:07:46
643,MX0643,FRA,SEA,2025-05-28 22:07:46,2025-05-29 07:07:46
644,MX0644,XPL,DTW,2025-09-26 04:07:46,2025-09-26 14:07:46
645,MX0645,LHR,PSC,2025-09-26 03:07:46,2025-09-26 13:07:46
646,MX0646,ACF,BGI,2025-10-20 06:07:46,2025-10-20 20:07:46
647,MX0647,EWR,DXB,2025-05-20 19:07:46,2025-05-20 22:07:46
648,MX0648,LAX,BOG,2025-08-24 09:07:46,2025-08-24 17:07:46
649,MX0649,CTU,AUS,2025-10-19 01:07:46,2025-10-19 21:07:46
650,MX0650,DXB,BRU,2025-10-05 23:07:46,2025-10-06 08:07:46
651,MX0651,BRU,CUN,2025-08-08 14:07:46,2025-08-09 10:07:46
652,MX0652,CLE,OGG,2025-07-23 05:07:46,2025-07-23 11:07:46
653,MX0653,PSC,SEA,2025-06-10 08:07:46,2025-06-10 22:07:46
654,MX0654,DXB,PSC,2025-10-06 18:07:46,2025-10-07 14:07:46
655,MX0655,JAX,PHX,2025-09-22 14:07:46,2025-09-23 01:07:46
656,MX0656,AMS,EWR,2025-10-14 23:07:46,2025-10-15 00:07:46
657,MX0657,LGA,PSC,2025-08-26 12:07:46,2025-08-27 00:07:46
658,MX0658,PIT,MAA,2025-07-24 11:07:46,2025-07-24 11:07:46
659,MX0659,DTW,DXB,2025-10-08 13:07:46,2025-10-08 22:07:46
660,MX0660,BOG,EWR,2025-08-11 14:07:46,2025-08-11 22:07:46
661,MX0661,CLE,MEX,2025-05-17 11:07:46,2025-05-17 12:07:46
662,MX0662,IAD,BOI,2025-07-09 06:07:46,2025-07-10 04:07:46
663,MX0663,PIT,PTY,2025-05-07 19:07:46,2025-05-08 07:07:46
664,MX0664,ACF,BOG,2025-08-26 07:07:46,2025-08-26 19:07:46
665,MX0665,DXB,BCN,2025-10-05 19:07:46,2025-10-06 16:07:46
666,MX0666,LGA,PIT,2025-10-23 14:07:46,2025-10-23 20:07:46
667,MX0667,OGG,GRR,2025-07-23 20:07:46,2025-07-23 21:07:46
668,MX0668,MSO,AMS,2025-05-17 15:07:46,2025-05-18 07:07:46
669,MX0669,ACF,BGI,2025-07-13 23:07:46,2025-07-14 18:07:46
670,MX0670,ATH,MVD,2025-08-20 02:07:46,2025-08-20 16:07:46
671,MX0671,DEL,BGI,2025-07-16 02:07:46,2025-07-16 16:07:46
672,MX0672,DXB,CTU,2025-05-29 18:07:46,2025-05-30 05:07:46
673,MX0673,LAX,BCN,2025-09-28 10:07:46,2025-09-29 05:07:46
674,MX0674,JFK,MEX,2025-10-27 05:07:46,2025-10-28 04:07:46
675,MX0675,DTW,JFK,2025-10-28 15:07:46,2025-10-28 23:07:46
676,MX0676,PSC,IAD,2025-06-19 05:07:46,2025-06-19 10:07:46
677,MX0677,AUS,IAD,2025-05-09 23:07:46,2025-05-10 03:07:46
678,MX0678,OGG,PHX,2025-09-19 11:07:46,2025-09-20 03:07:46
679,MX0679,PHX,BOM,2025-05-27 16:07:46,2025-05-27 20:07:46
680,MX0680,OGG,MVD,2025-07-23 20:07:46,2025-07-24 05:07:46
681,MX0681,PTY,BOG,2025-07-02 20:07:46,2025-07-02 21:07:46
682,MX0682,PTY,BGI,2025-08-11 01:07:46,2025-08-12 00:07:46
683,MX0683,EWR,CUR,2025-06-16 21:07:46,2025-06-17 01:07:46
684,MX0684,PTY,BCN,2025-11-02 23:07:46,2025-11-03 07:07:46
685,MX0685,MEX,CUN,2025-07-27 02:07:46,2025-07-27 05:07:46
686,MX0686,FRA,PHX,2025-10-31 01:07:46,2025-10-31 08:07:46
687,MX0687,LGA,IAD,2025-07-16 01:07:46,2025-07-16 05:07:46
688,MX0688,CMH,BOI,2025-08-26 23:07:46,2025-08-27 08:07:46
689,MX0689,CMH,BOI,2025-08-18 13:07:46,2025-08-18 16:07:46
690,MX0690,PTY,MVD,2025-06-12 10:07:46,2025-06-12 19:07:46
691,MX0691,GRR,PHX,2025-06-02 18:07:46,2025-06-03 05:07:46
692,MX0692,MSO,BGI,2025-09-19 05:07:46,2025-09-19 09:07:46
693,MX0693,CLE,PSC,2025-08-09 02:07:46,2025-08-09 21:07:46
694,MX0694,CUN,SEA,2025-10-27 00:07:46,2025-10-27 02:07:46
695,MX0695,FRA,BOM,2025-10-29 23:07:46,2025-10-30 02:07:46
696,MX0696,MVD,PSC,2025-06-05 11:07:46,2025-06-05 18:07:46
697,MX0697,BOI,MEX,2025-08-13 13:07:46,2025-08-14 01:07:46
698,MX0698,CUN,PSC,2025-09-02 04:07:46,2025-09-02 10:07:46
699,MX0699,CLE,MSO,2025-11-02 23:07:46,2025-11-03 08:07:46
700,MX0700,DXB,MSO,2025-05-16 23:07:46,2025-05-17 18:07:46
701,MX0701,BOI,DXB,2025-09-19 17:07:46,2025-09-19 22:07:46
702,MX0702,AUS,CTU,2025-08-03 17:07:46,2025-08-04 14:07:46
703,MX0703,CTU,BCN,2025-09-18 02:07:46,2025-09-18 02:07:46
704,MX0704,BCN,BOM,2025-10-04 16:07:46,2025-10-04 20:07:46
705,MX0705,CUN,DEL,2025-10-31 09:07:46,2025-11-01 01:07:46
706,MX0706,CMH,AUS,2025-05-16 13:07:46,2025-05-16 20:07:46
707,MX0707,BRU,LHR,2025-06-02 17:07:46,2025-06-03 15:07:46
708,MX0708,DEL,BCN,2025-10-21 07:07:46,2025-10-22 04:07:46
709,MX0709,PIT,DEL,2025-07-02 03:07:46,2025-07-02 23:07:46
710,MX0710,JAX,BOI,2025-10-07 16:07:46,2025-10-07 19:07:46
711,MX0711,PSC,DEL,2025-07-30 15:07:46,2025-07-30 23:07:46
712,MX0712,MEX,BRU,2025-08-31 20:07:46,2025-09-01 11:07:46
713,MX0713,BGI,MEX,2025-09-16 13:07:46,2025-09-16 15:07:46
714,MX0714,FRA,AMS,2025-10-19 03:07:46,2025-10-19 03:07:46
715,MX0715,SEA,BCN,2025-05-13 03:07:46,2025-05-14 00:07:46
716,MX0716,DEL,BOM,2025-06-11 22:07:46,2025-06-12 16:07:46
717,MX0717,ACF,CUN,2025-05-07 16:07:46,2025-05-08 15:07:46
718,MX0718,JFK,ACF,2025-06-08 04:07:46,2025-06-08 08:07:46
719,MX0719,DTW,LHR,2025-10-27 21:07:46,2025-10-28 07:07:46
720,MX0720,CMH,IAD,2025-05-25 18:07:46,2025-05-25 22:07:46
721,MX0721,BOM,JFK,2025-06-27 02:07:46,2025-06-27 12:07:46
722,MX0722,JFK,BRU,2025-11-01 16:07:46,2025-11-01 18:07:46
723,MX0723,OGG,BOG,2025-05-21 13:07:46,2025-05-22 11:07:46
724,MX0724,JAX,LAX,2025-07-24 10:07:46,2025-07-24 18:07:46
725,MX0725,SEA,BOI,2025-08-22 13:07:46,2025-08-23 00:07:46
726,MX0726,LHR,EWR,2025-10-02 13:07:46,2025-10-02 20:07:46
727,MX0727,GRR,LHR,2025-08-21 03:07:46,2025-08-21 17:07:46
728,MX0728,BOI,AUS,2025-06-18 18:07:46,2025-06-19 09:07:46
729,MX0729,BOG,MAA,2025-05-22 16:07:46,2025-05-23 01:07:46
730,MX0730,CUR,LAX,2025-09-29 12:07:46,2025-09-30 07:07:46
731,MX0731,IAH,MEX,2025-09-29 20:07:46,2025-09-30 14:07:46
732,MX0732,AMS,EWR,2025-06-10 06:07:46,2025-06-10 09:07:46
733,MX0733,IAD,GRR,2025-09-03 06:07:46,2025-09-03 20:07:46
734,MX0734,BGI,BOG,2025-09-13 22:07:46,2025-09-14 18:07:46
735,MX0735,IAD,CTU,2025-10-12 03:07:46,2025-10-12 10:07:46
736,MX0736,OGG,BOI,2025-07-17 02:07:46,2025-07-18 01:07:46
737,MX0737,LHR,PIT,2025-05-11 04:07:46,2025-05-11 13:07:46
738,MX0738,MEX,LAX,2025-09-27 14:07:46,2025-09-27 20:07:46
739,MX0739,BCN,PIT,2025-05-22 07:07:46,2025-05-22 15:07:46
740,MX0740,MVD,ATH,2025-07-10 03:07:46,2025-07-10 17:07:46
741,MX0741,CUR,BOI,2025-05-07 03:07:46,2025-05-07 05:07:46
742,MX0742,MSO,GEO,2025-05-15 04:07:46,2025-05-15 08:07:46
743,MX0743,DTW,JFK,2025-05-11 20:07:46,2025-05-12 17:07:46
744,MX0744,IAD,PSC,2025-06-20 06:07:46,2025-06-20 18:07:46
745,MX0745,LGA,DTW,2025-05-20 03:07:46,2025-05-20 16:07:46
746,MX0746,GEO,BOI,2025-10-21 11:07:46,2025-10-22 04:07:46
747,MX0747,BGI,AMS,2025-08-21 16:07:46,2025-08-22 11:07:46
748,MX0748,BGI,PTY,2025-07-29 12:07:46,2025-07-30 01:07:46
749,MX0749,AMS,DTW,2025-07-08 04:07:46,2025-07-09 00:07:46
750,MX0750,DEL,ACF,2025-08-03 23:07:46,2025-08-04 08:07:46
751,MX0751,MVD,PIT,2025-05-16 23:07:46,2025-05-17 00:07:46
752,MX0752,ORD,IAD,2025-06-11 06:07:46,2025-06-11 09:07:46
753,MX0753,PIT,SEA,2025-06-17 19:07:46,2025-06-18 18:07:46
754,MX0754,MAA,CUN,2025-09-01 20:07:46,2025-09-01 20:07:46
755,MX0755,BOM,GRR,2025-10-19 16:07:46,2025-10-20 00:07:46
756,MX0756,AMS,MVD,2025-06-26 16:07:46,2025-06-26 16:07:46
757,MX0757,JAX,MSO,2025-07-13 23:07:46,2025-07-14 07:07:46
758,MX0758,SEA,BOI,2025-10-28 05:07:46,2025-10-28 18:07:46
759,MX0759,EWR,PSC,2025-06-11 18:07:46,2025-06-12 02:07:46
760,MX0760,CUR,PTY,2025-08-11 10:07:46,2025-08-11 15:07:46
761,MX0761,MEX,CMH,2025-07-22 19:07:46,2025-07-22 22:07:46
762,MX0762,MAA,DXB,2025-06-06 14:07:46,2025-06-07 00:07:46
763,MX0763,PIT,BRU,2025-05-23 12:07:46,2025-05-23 13:07:46
764,MX0764,BOG,ORD,2025-06-20 19:07:46,2025-06-21 10:07:46
765,MX0765,SEA,JAX,2025-07-29 02:07:46,2025-07-29 15:07:46
766,MX0766,MSO,PIT,2025-06-03 21:07:46,2025-06-04 15:07:46
767,MX0767,LAX,CMH,2025-10-20 03:07:46,2025-10-20 05:07:46
768,MX0768,DEL,FRA,2025-07-09 01:07:46,2025-07-09 11:07:46
769,MX0769,BRU,IAH,2025-10-06 07:07:46,2025-10-06 10:07:46
770,MX0770,JFK,PIT,2025-06-10 04:07:46,2025-06-10 05:07:46
771,MX0771,CUR,CTU,2025-07-17 07:07:46,2025-07-17 07:07:46
772,MX0772,LHR,OGG,2025-05-21 13:07:46,2025-05-21 20:07:46
773,MX0773,MSO,BRU,2025-07-15 07:07:46,2025-07-15 13:07:46
774,MX0774,LAX,PSC,2025-08-15 23:07:46,2025-08-16 06:07:46
775,MX0775,BOI,CLE,2025-06-02 18:07:46,2025-06-03 09:07:46
776,MX0776,PHX,CMH,2025-10-03 04:07:46,2025-10-04 02:07:46
777,MX0777,JFK,CUN,2025-08-18 09:07:46,2025-08-18 09:07:46
778,MX0778,OGG,PTY,2025-06-22 05:07:46,2025-06-22 23:07:46
779,MX0779,JFK,MAA,2025-09-14 10:07:46,2025-09-15 01:07:46
780,MX0780,CTU,MAA,2025-07-18 05:07:46,2025-07-18 11:07:46
781,MX0781,GEO,AMS,2025-08-09 18:07:46,2025-08-10 08:07:46
782,MX0782,CUR,DEL,2025-10-20 09:07:46,2025-10-20 10:07:46
783,MX0783,ORD,GRR,2025-07-14 08:07:46,2025-07-14 17:07:46
784,MX0784,DEL,LGA,2025-07-15 21:07:46,2025-07-15 21:07:46
785,MX0785,BGI,EWR,2025-05-15 16:07:46,2025-05-16 08:07:46
786,MX0786,CUR,SEA,2025-06-02 17:07:46,2025-06-02 18:07:46
787,MX0787,MEX,AMS,2025-05-08 06:07:46,2025-05-08 08:07:46
788,MX0788,CMH,LHR,2025-07-05 19:07:46,2025-07-06 04:07:46
789,MX0789,BOI,CMH,2025-10-14 04:07:46,2025-10-15 01:07:46
790,MX0790,BOI,FRA,2025-08-06 10:07:46,2025-08-07 08:07:46
791,MX0791,DEL,XPL,2025-10-12 20:07:46,2025-10-13 19:07:46
792,MX0792,LGA,BRU,2025-06-22 12:07:46,2025-06-22 15:07:46
793,MX0793,MEX,LGA,2025-08-15 07:07:46,2025-08-16 05:07:46
794,MX0794,ORD,AMS,2025-05-22 21:07:46,2025-05-23 20:07:46
795,MX0795,SEA,GRR,2025-05-30 12:07:46,2025-05-30 12:07:46
796,MX0796,ATH,DTW,2025-10-16 22:07:46,2025-10-17 15:07:46
797,MX0797,BOM,IAD,2025-06-01 07:07:46,2025-06-01 16:07:46
798,MX0798,MVD,PSC,2025-07-03 16:07:46,2025-07-03 18:07:46
799,MX0799,JFK,FRA,2025-09-14 11:07:46,2025-09-14 13:07:46
800,MX0800,CTU,BOG,2025-08-25 23:07:46,2025-08-26 22:07:46
801,MX0801,PIT,JAX,2025-10-15 03:07:46,2025-10-15 11:07:46
802,MX0802,MAA,PTY,2025-09-17 12:07:46,2025-09-18 06:07:46
803,MX0803,BOG,CUR,2025-05-18 13:07:46,2025-05-19 09:07:46
804,MX0804,PHX,MSO,2025-05-30 16:07:46,2025-05-31 03:07:46
805,MX0805,LHR,AMS,2025-10-01 00:07:46,2025-10-01 17:07:46
806,MX0806,BRU,OGG,2025-09-09 03:07:46,2025-09-09 22:07:46
807,MX0807,LAX,CLE,2025-11-02 05:07:46,2025-11-02 20:07:46
808,MX0808,BOM,AUS,2025-10-07 08:07:46,2025-10-08 06:07:46
809,MX0809,DEL,IAD,2025-10-26 01:07:46,2025-10-26 04:07:46
810,MX0810,MVD,MAA,2025-06-24 06:07:46,2025-06-25 04:07:46
811,MX0811,IAD,BCN,2025-05-14 22:07:46,2025-05-15 02:07:46
812,MX0812,PHX,GRR,2025-07-05 17:07:46,2025-07-05 23:07:46
813,MX0813,ATH,BGI,2025-08-23 12:07:46,2025-08-23 14:07:46
814,MX0814,ORD,ACF,2025-05-10 14:07:46,2025-05-11 07:07:46
815,MX0815,IAD,CLE,2025-06-07 05:07:46,2025-06-08 03:07:46
816,MX0816,EWR,BOG,2025-05-26 00:07:46,2025-05-26 12:07:46
817,MX0817,GEO,ACF,2025-05-26 03:07:46,2025-05-26 04:07:46
818,MX0818,PIT,XPL,2025-10-31 18:07:46,2025-11-01 00:07:46
819,MX0819,BCN,PSC,2025-07-12 11:07:46,2025-07-13 05:07:46
820,MX0820,PHX,LHR,2025-07-22 21:07:46,2025-07-23 03:07:46
821,MX0821,BGI,MVD,2025-07-30 13:07:46,2025-07-31 08:07:46
822,MX0822,DXB,LHR,2025-07-08 17:07:46,2025-07-08 21:07:46
823,MX0823,JFK,JAX,2025-06-24 05:07:46,2025-06-24 22:07:46
824,MX0824,DXB,DEL,2025-06-11 00:07:46,2025-06-11 08:07:46
825,MX0825,BRU,IAD,2025-08-15 05:07:46,2025-08-15 06:07:46
826,MX0826,AUS,PHX,2025-05-12 14:07:46,2025-05-12 17:07:46
827,MX0827,CUN,AMS,2025-09-25 12:07:46,2025-09-25 16:07:46
828,MX0828,IAD,XPL,2025-10-14 18:07:46,2025-10-14 18:07:46
829,MX0829,AUS,BGI,2025-05-10 10:07:46,2025-05-10 11:07:46
830,MX0830,BOM,GRR,2025-09-04 17:07:46,2025-09-05 03:07:46
831,MX0831,JAX,LHR,2025-05-08 19:07:46,2025-05-08 19:07:46
832,MX0832,PTY,OGG,2025-09-17 16:07:46,2025-09-17 20:07:46
833,MX0833,LHR,PTY,2025-09-01 01:07:46,2025-09-01 06:07:46
834,MX0834,GRR,LGA,2025-06-30 23:07:46,2025-07-01 04:07:46
835,MX0835,GRR,CUN,2025-09-07 06:07:46,2025-09-07 20:07:46
836,MX0836,BRU,BOG,2025-09-25 04:07:46,2025-09-25 11:07:46
837,MX0837,JFK,PIT,2025-06-21 03:07:46,2025-06-21 15:07:46
838,MX0838,JFK,CUR,2025-10-10 09:07:46,2025-10-11 06:07:46
839,MX0839,MAA,PIT,2025-10-23 20:07:46,2025-10-24 02:07:46
840,MX0840,CLE,XPL,2025-09-01 07:07:46,2025-09-01 21:07:46
841,MX0841,SEA,FRA,2025-09-22 18:07:46,2025-09-23 15:07:46
842,MX0842,PHX,MAA,2025-05-16 19:07:46,2025-05-17 18:07:46
843,MX0843,BOG,BGI,2025-08-19 22:07:46,2025-08-20 12:07:46
844,MX0844,FRA,CMH,2025-07-19 19:07:46,2025-07-20 06:07:46
845,MX0845,LAX,PHX,2025-06-22 18:07:46,2025-06-22 23:07:46
846,MX0846,ATH,BOM,2025-07-07 21:07:46,2025-07-08 17:07:46
847,MX0847,PTY,PSC,2025-08-24 04:07:46,2025-08-24 12:07:46
848,MX0848,DTW,LGA,2025-05-07 02:07:46,2025-05-07 05:07:46
849,MX0849,ORD,DTW,2025-10-25 05:07:46,2025-10-25 19:07:46
850,MX0850,MEX,MVD,2025-10-27 04:07:46,2025-10-27 23:07:46
851,MX0851,ACF,DXB,2025-07-05 04:07:46,2025-07-05 12:07:46
852,MX0852,PHX,DTW,2025-10-25 17:07:46,2025-10-26 12:07:46
853,MX0853,SEA,AUS,2025-09-30 23:07:46,2025-10-01 02:07:46
854,MX0854,DXB,OGG,2025-06-30 05:07:46,2025-06-30 22:07:46
855,MX0855,ORD,CUR,2025-06-10 18:07:46,2025-06-11 17:07:46
856,MX0856,EWR,DXB,2025-10-11 17:07:46,2025-10-12 14:07:46
857,MX0857,IAH,MVD,2025-11-02 15:07:46,2025-11-02 17:07:46
858,MX0858,MVD,PTY,2025-10-04 15:07:46,2025-10-05 06:07:46
859,MX0859,CMH,BGI,2025-07-18 16:07:46,2025-07-18 18:07:46
860,MX0860,MVD,PTY,2025-10-22 09:07:46,2025-10-23 05:07:46
861,MX0861,MEX,GEO,2025-09-01 19:07:46,2025-09-02 08:07:46
862,MX0862,BRU,GRR,2025-08-28 15:07:46,2025-08-28 23:07:46
863,MX0863,SEA,EWR,2025-07-29 04:07:46,2025-07-29 10:07:46
864,MX0864,BOM,BGI,2025-08-09 13:07:46,2025-08-10 10:07:46
865,MX0865,JAX,LAX,2025-08-18 04:07:46,2025-08-19 00:07:46
866,MX0866,FRA,JAX,2025-06-05 05:07:46,2025-06-06 00:07:46
867,MX0867,AMS,BCN,2025-05-28 13:07:46,2025-05-28 17:07:46
868,MX0868,CUR,GRR,2025-10-05 14:07:46,2025-10-05 22:07:46
869,MX0869,BRU,BOI,2025-08-31 08:07:46,2025-08-31 22:07:46
870,MX0870,AUS,CUN,2025-06-13 23:07:46,2025-06-14 20:07:46
871,MX0871,JFK,JAX,2025-09-12 23:07:46,2025-09-13 09:07:46
872,MX0872,BOI,PTY,2025-06-20 21:07:46,2025-06-21 10:07:46
873,MX0873,CMH,BGI,2025-06-06 13:07:46,2025-06-06 19:07:46
874,MX0874,BRU,IAH,2025-07-04 22:07:46,2025-07-05 14:07:46
875,MX0875,ACF,CUR,2025-10-20 12:07:46,2025-10-20 14:07:46
876,MX0876,PSC,IAD,2025-05-29 11:07:46,2025-05-29 12:07:46
877,MX0877,PIT,GEO,2025-07-10 09:07:46,2025-07-11 06:07:46
878,MX0878,ACF,JAX,2025-10-10 05:07:46,2025-10-10 10:07:46
879,MX0879,PHX,BGI,2025-05-30 22:07:46,2025-05-31 13:07:46
880,MX0880,ATH,AUS,2025-08-28 18:07:46,2025-08-29 07:07:46
881,MX0881,MEX,JAX,2025-07-30 16:07:46,2025-07-31 05:07:46
882,MX0882,SEA,BGI,2025-08-13 18:07:46,2025-08-14 01:07:46
883,MX0883,BRU,PSC,2025-05-08 15:07:46,2025-05-08 17:07:46
884,MX0884,IAH,AMS,2025-08-19 12:07:46,2025-08-19 21:07:46
885,MX0885,IAD,DTW,2025-08-20 21:07:46,2025-08-21 04:07:46
886,MX0886,DXB,ORD,2025-07-22 11:07:46,2025-07-22 22:07:46
887,MX0887,XPL,ACF,2025-06-23 07:07:46,2025-06-23 22:07:46
888,MX0888,DTW,BRU,2025-09-05 22:07:46,2025-09-06 20:07:46
889,MX0889,DEL,PTY,2025-06-14 18:07:46,2025-06-15 10:07:46
890,MX0890,FRA,MVD,2025-05-13 03:07:46,2025-05-13 10:07:46
891,MX0891,LGA,XPL,2025-05-10 03:07:46,2025-05-10 16:07:46
892,MX0892,EWR,MAA,2025-06-10 20:07:46,2025-06-11 17:07:46
893,MX0893,JFK,CUN,2025-06-05 19:07:46,2025-06-06 13:07:46
894,MX0894,ATH,XPL,2025-06-16 02:07:46,2025-06-16 03:07:46
895,MX0895,AUS,LAX,2025-10-17 11:07:46,2025-10-17 14:07:46
896,MX0896,LGA,MSO,2025-10-26 00:07:46,2025-10-26 23:07:46
897,MX0897,BRU,MVD,2025-08-15 06:07:46,2025-08-15 10:07:46
898,MX0898,MEX,BOI,2025-08-30 04:07:46,2025-08-30 18:07:46
899,MX0899,CLE,SEA,2025-06-26 22:07:46,2025-06-27 03:07:46
900,MX0900,CTU,MEX,2025-10-05 10:07:46,2025-10-06 03:07:46
901,MX0901,ATH,DTW,2025-06-08 20:07:46,2025-06-09 05:07:46
902,MX0902,DEL,PIT,2025-07-30 10:07:46,2025-07-30 21:07:46
903,MX0903,JFK,AMS,2025-08-06 12:07:46,2025-08-06 12:07:46
904,MX0904,MEX,OGG,2025-06-29 12:07:46,2025-06-29 22:07:46
905,MX0905,BGI,PTY,2025-06-19 14:07:46,2025-06-20 00:07:46
906,MX0906,MAA,EWR,2025-05-28 18:07:46,2025-05-28 22:07:46
907,MX0907,EWR,CUN,2025-09-29 00:07:46,2025-09-29 20:07:46
908,MX0908,JFK,GEO,2025-07-12 22:07:46,2025-07-13 11:07:46
909,MX0909,CTU,JFK,2025-10-12 19:07:46,2025-10-12 20:07:46
910,MX0910,BOI,GEO,2025-07-10 22:07:46,2025-07-11 19:07:46
911,MX0911,AUS,MAA,2025-06-24 13:07:46,2025-06-25 08:07:46
912,MX0912,AMS,XPL,2025-10-24 08:07:46,2025-10-24 22:07:46
913,MX0913,SEA,BCN,2025-09-25 19:07:46,2025-09-26 01:07:46
914,MX0914,PSC,BCN,2025-05-29 15:07:46,2025-05-30 00:07:46
915,MX0915,PIT,DTW,2025-06-23 16:07:46,2025-06-24 05:07:46
916,MX0916,LHR,BRU,2025-06-23 12:07:46,2025-06-24 05:07:46
917,MX0917,DTW,DXB,2025-09-30 07:07:46,2025-09-30 09:07:46
918,MX0918,MSO,JAX,2025-08-31 12:07:46,2025-09-01 05:07:46
919,MX0919,PHX,LGA,2025-06-15 05:07:46,2025-06-15 07:07:46
920,MX0920,CMH,EWR,2025-06-15 17:07:46,2025-06-16 10:07:46
921,MX0921,DXB,CMH,2025-09-07 20:07:46,2025-09-08 13:07:46
922,MX0922,CLE,ACF,2025-05-10 19:07:46,2025-05-11 18:07:46
923,MX0923,ACF,GEO,2025-07-21 08:07:46,2025-07-22 01:07:46
924,MX0924,CTU,DXB,2025-10-07 09:07:46,2025-10-08 01:07:46
925,MX0925,JAX,CTU,2025-06-30 13:07:46,2025-07-01 03:07:46
926,MX0926,BOG,ATH,2025-06-14 21:07:46,2025-06-15 06:07:46
927,MX0927,MEX,GEO,2025-09-08 17:07:46,2025-09-09 14:07:46
928,MX0928,CMH,JFK,2025-08-22 13:07:46,2025-08-23 08:07:46
929,MX0929,ACF,LGA,2025-08-16 14:07:46,2025-08-17 03:07:46
930,MX0930,BOM,PTY,2025-09-07 05:07:46,2025-09-07 15:07:46
931,MX0931,ORD,BOM,2025-07-08 11:07:46,2025-07-08 22:07:46
932,MX0932,CMH,DTW,2025-07-31 03:07:46,2025-07-31 10:07:46
933,MX0933,PTY,PSC,2025-10-16 19:07:46,2025-10-17 13:07:46
934,MX0934,PTY,AUS,2025-10-16 14:07:46,2025-10-17 00:07:46
935,MX0935,GEO,MSO,2025-10-18 10:07:46,2025-10-18 20:07:46
936,MX0936,MVD,EWR,2025-10-11 08:07:46,2025-10-11 13:07:46
937,MX0937,PTY,BCN,2025-08-14 12:07:46,2025-08-15 09:07:46
938,MX0938,ATH,GRR,2025-06-11 01:07:46,2025-06-11 07:07:46
939,MX0939,IAH,JFK,2025-08-27 21:07:46,2025-08-28 16:07:46
940,MX0940,BCN,BRU,2025-06-04 23:07:46,2025-06-05 17:07:46
941,MX0941,OGG,SEA,2025-06-22 07:07:46,2025-06-22 08:07:46
942,MX0942,DEL,SEA,2025-10-18 04:07:46,2025-10-18 20:07:46
943,MX0943,PSC,GEO,2025-08-15 04:07:46,2025-08-15 04:07:46
944,MX0944,CTU,CUN,2025-05-17 04:07:46,2025-05-17 23:07:46
945,MX0945,IAD,BGI,2025-10-27 18:07:46,2025-10-28 05:07:46
946,MX0946,JAX,LAX,2025-06-28 16:07:46,2025-06-28 19:07:46
947,MX0947,CMH,MVD,2025-05-25 03:07:46,2025-05-25 14:07:46
948,MX0948,LAX,MSO,2025-10-25 20:07:46,2025-10-26 00:07:46
949,MX0949,BOI,CMH,2025-09-09 10:07:46,2025-09-10 03:07:46
950,MX0950,MSO,DTW,2025-09-01 18:07:46,2025-09-02 06:07:46
951,MX0951,SEA,ACF,2025-06-09 07:07:46,2025-06-09 16:07:46
952,MX0952,IAD,PTY,2025-07-11 02:07:46,2025-07-11 13:07:46
953,MX0953,DEL,PHX,2025-05-25 15:07:46,2025-05-25 15:07:46
954,MX0954,CUR,MAA,2025-06-30 05:07:46,2025-06-30 05:07:46
955,MX0955,BCN,GEO,2025-08-08 11:07:46,2025-08-09 03:07:46
956,MX0956,JFK,CLE,2025-07-28 17:07:46,2025-07-29 02:07:46
957,MX0957,MAA,CLE,2025-08-08 22:07:46,2025-08-09 03:07:46
958,MX0958,XPL,OGG,2025-09-09 02:07:46,2025-09-09 17:07:46
959,MX0959,ATH,ORD,2025-06-26 15:07:46,2025-06-27 00:07:46
960,MX0960,PTY,BCN,2025-10-20 17:07:46,2025-10-21 06:07:46
961,MX0961,PSC,MAA,2025-05-07 21:07:46,2025-05-08 02:07:46
962,MX0962,MEX,DEL,2025-07-03 17:07:46,2025-07-04 12:07:46
963,MX0963,CMH,CLE,2025-08-05 06:07:46,2025-08-05 20:07:46
964,MX0964,SEA,BCN,2025-08-16 18:07:46,2025-08-17 17:07:46
965,MX0965,LHR,IAH,2025-05-22 13:07:46,2025-05-23 00:07:46
966,MX0966,PIT,AMS,2025-06-04 07:07:46,2025-06-04 12:07:46
967,MX0967,BGI,BOM,2025-07-07 13:07:46,2025-07-08 06:07:46
968,MX0968,FRA,ATH,2025-07-27 17:07:46,2025-07-27 23:07:46
969,MX0969,SEA,BGI,2025-06-22 01:07:46,2025-06-22 12:07:46
970,MX0970,BOI,DXB,2025-07-04 14:07:46,2025-07-05 05:07:46
971,MX0971,LHR,FRA,2025-07-04 17:07:46,2025-07-04 21:07:46
972,MX0972,PSC,CLE,2025-08-14 15:07:46,2025-08-15 00:07:46
973,MX0973,PIT,BGI,2025-08-24 15:07:46,2025-08-25 02:07:46
974,MX0974,AUS,ATH,2025-05-23 13:07:46,2025-05-23 20:07:46
975,MX0975,PIT,BRU,2025-09-01 16:07:46,2025-09-02 03:07:46
976,MX0976,CUR,CUN,2025-10-31 04:07:46,2025-10-31 08:07:46
977,MX0977,DXB,FRA,2025-07-19 12:07:46,2025-07-20 09:07:46
978,MX0978,OGG,BGI,2025-10-02 12:07:46,2025-10-03 01:07:46
979,MX0979,ORD,LGA,2025-08-13 18:07:46,2025-08-14 15:07:46
980,MX0980,DTW,ORD,2025-06-02 09:07:46,2025-06-02 13:07:46
981,MX0981,CLE,LHR,2025-06-07 00:07:46,2025-06-07 00:07:46
982,MX0982,CUN,LAX,2025-08-22 06:07:46,2025-08-22 06:07:46
983,MX0983,AMS,IAD,2025-10-23 14:07:46,2025-10-24 12:07:46
984,MX0984,BOI,PTY,2025-09-09 18:07:46,2025-09-10 14:07:46
985,MX0985,ORD,BCN,2025-11-01 23:07:46,2025-11-01 23:07:46
986,MX0986,CUR,PTY,2025-05-11 07:07:46,2025-05-11 18:07:46
987,MX0987,MEX,DXB,2025-09-25 13:07:46,2025-09-25 15:07:46
988,MX0988,PSC,EWR,2025-07-07 15:07:46,2025-07-07 21:07:46
989,MX0989,CLE,LHR,2025-07-23 06:07:46,2025-07-23 10:07:46
990,MX0990,PIT,LGA,2025-05-11 08:07:46,2025-05-11 16:07:46
991,MX0991,DTW,DXB,2025-08-24 10:07:46,2025-08-25 02:07:46
992,MX0992,AUS,BOM,2025-07-01 04:07:46,2025-07-01 19:07:46
993,MX0993,CUN,MVD,2025-06-17 00:07:46,2025-06-17 04:07:46
994,MX0994,EWR,PHX,2025-10-02 20:07:46,2025-10-03 17:07:46
995,MX0995,CMH,DEL,2025-06-29 07:07:46,2025-06-30 05:07:46
996,MX0996,PSC,JFK,2025-06-24 11:07:46,2025-06-25 05:07:46
997,MX0997,LAX,CUR,2025-08-28 12:07:46,2025-08-28 19:07:46
998,MX0998,BOG,MVD,2025-10-11 22:07:46,2025-10-12 17:07:46
999,MX0999,OGG,ORD,2025-08-13 10:07:46,2025-08-14 08:07:46
1000,MX1000,PIT,CUR,2025-05-26 00:07:46,2025-05-26 10:07:46
